First Name,Last Name,Username,Password,Position
Kelvin,Ohaya,kelohaya,csci-c200,professor
Peter,Griffin,pGriffin,greenFn,professor
Patrick,Baeman,pBaeman,sigmaSigmaBoy,professor
Byron,Gray,bGray,extract,assistant
Jeff,Bezos,jbezos,moneyman,professor
